Code Domaine,Domaine,Code zone (FAO),Zone,Code Élément,Élément,Code Produit (FAO),Produit,Code année,Année,Unité,Valeur,Symbole,Description du Symbole
"FBS","Bilans Alimentaires (2010-)","2","Afghanistan","511","Population totale","2501","Population","2018","2018","1000 personnes","37172","X","Ciffre de sources internationales"
"FBS","Bilans Alimentaires (2010-)","2","Afghanistan","511","Population totale","2501","Population","2019","2019","1000 personnes","38041.75","X","Ciffre de sources internationales"
"FBS","Bilans Alimentaires (2010-)","202","Afrique du Sud","511","Population totale","2501","Population","2018","2018","1000 personnes","57793","X","Ciffre de sources internationales"
"FBS","Bilans Alimentaires (2010-)","202","Afrique du Sud","511","Population totale","2501","Population","2019","2019","1000 personnes","58558.27","X","Ciffre de sources internationales"
"FBS","Bilans Alimentaires (2010-)","3","Albanie","511","Population totale","2501","Population","2018","2018","1000 personnes","2883","X","Ciffre de sources internationales"
"FBS","Bilans Alimentaires (2010-)","3","Albanie","511","Population totale","2501","Population","2019","2019","1000 personnes","2880.92","X","Ciffre de sources internationales"
"FBS","Bilans Alimentaires (2010-)","4","Algérie","511","Population totale","2501","Population","2018","2018","1000 personnes","42228","X","Ciffre de sources internationales"
"FBS","Bilans Alimentaires (2010-)","4","Algérie","511","Population totale","2501","Population","2019","2019","1000 personnes","43053.05","X","Ciffre de sources internationales"
"FBS","Bilans Alimentaires (2010-)","79","Allemagne","511","Population totale","2501","Population","2018","2018","1000 personnes","83124","X","Ciffre de sources internationales"
"FBS","Bilans Alimentaires (2010-)","79","Allemagne","511","Population totale","2501","Population","2019","2019","1000 personnes","83517.04","X","Ciffre de sources internationales"
"FBS","Bilans Alimentaires (2010-)","7","Angola","511","Population totale","2501","Population","2018","2018","1000 personnes","30810","X","Ciffre de sources internationales"
"FBS","Bilans Alimentaires (2010-)","7","Angola","511","Population totale","2501","Population","2019","2019","1000 personnes","31825.29","X","Ciffre de sources internationales"
"FBS","Bilans Alimentaires (2010-)","8","Antigua-et-Barbuda","511","Population totale","2501","Population","2018","2018","1000 personnes","96","X","Ciffre de sources internationales"
"FBS","Bilans Alimentaires (2010-)","8","Antigua-et-Barbuda","511","Population totale","2501","Population","2019","2019","1000 personnes","97.12","X","Ciffre de sources internationales"
"FBS","Bilans Alimentaires (2010-)","194","Arabie saoudite","511","Population totale","2501","Population","2018","2018","1000 personnes","33703","X","Ciffre de sources internationales"
"FBS","Bilans Alimentaires (2010-)","194","Arabie saoudite","511","Population totale","2501","Population","2019","2019","1000 personnes","34268.53","X","Ciffre de sources internationales"
"FBS","Bilans Alimentaires (2010-)","9","Argentine","511","Population totale","2501","Population","2018","2018","1000 personnes","44361","X","Ciffre de sources internationales"
"FBS","Bilans Alimentaires (2010-)","9","Argentine","511","Population totale","2501","Population","2019","2019","1000 personnes","44780.68","X","Ciffre de sources internationales"
"FBS","Bilans Alimentaires (2010-)","1","Arménie","511","Population totale","2501","Population","2018","2018","1000 personnes","2951.74","X","Ciffre de sources internationales"
"FBS","Bilans Alimentaires (2010-)","1","Arménie","511","Population totale","2501","Population","2019","2019","1000 personnes","2957.73","X","Ciffre de sources internationales"
"FBS","Bilans Alimentaires (2010-)","10","Australie","511","Population totale","2501","Population","2018","2018","1000 personnes","24898","X","Ciffre de sources internationales"
"FBS","Bilans Alimentaires (2010-)","10","Australie","511","Population totale","2501","Population","2019","2019","1000 personnes","25203.2","X","Ciffre de sources internationales"
"FBS","Bilans Alimentaires (2010-)","11","Autriche","511","Population totale","2501","Population","2018","2018","1000 personnes","8891","X","Ciffre de sources internationales"
"FBS","Bilans Alimentaires (2010-)","11","Autriche","511","Population totale","2501","Population","2019","2019","1000 personnes","8955.1","X","Ciffre de sources internationales"
"FBS","Bilans Alimentaires (2010-)","52","Azerbaïdjan","511","Population totale","2501","Population","2018","2018","1000 personnes","9949.54","X","Ciffre de sources internationales"
"FBS","Bilans Alimentaires (2010-)","52","Azerbaïdjan","511","Population totale","2501","Population","2019","2019","1000 personnes","10047.72","X","Ciffre de sources internationales"
"FBS","Bilans Alimentaires (2010-)","12","Bahamas","511","Population totale","2501","Population","2018","2018","1000 personnes","386","X","Ciffre de sources internationales"
"FBS","Bilans Alimentaires (2010-)","12","Bahamas","511","Population totale","2501","Population","2019","2019","1000 personnes","389.48","X","Ciffre de sources internationales"
"FBS","Bilans Alimentaires (2010-)","13","Bahreïn","511","Population totale","2501","Population","2019","2019","1000 personnes","1641.17","X","Ciffre de sources internationales"
"FBS","Bilans Alimentaires (2010-)","16","Bangladesh","511","Population totale","2501","Population","2018","2018","1000 personnes","161377","X","Ciffre de sources internationales"
"FBS","Bilans Alimentaires (2010-)","16","Bangladesh","511","Population totale","2501","Population","2019","2019","1000 personnes","163046.16","X","Ciffre de sources internationales"
"FBS","Bilans Alimentaires (2010-)","14","Barbade","511","Population totale","2501","Population","2018","2018","1000 personnes","287","X","Ciffre de sources internationales"
"FBS","Bilans Alimentaires (2010-)","14","Barbade","511","Population totale","2501","Population","2019","2019","1000 personnes","287.02","X","Ciffre de sources internationales"
"FBS","Bilans Alimentaires (2010-)","57","Bélarus","511","Population totale","2501","Population","2018","2018","1000 personnes","9453","X","Ciffre de sources internationales"
"FBS","Bilans Alimentaires (2010-)","57","Bélarus","511","Population totale","2501","Population","2019","2019","1000 personnes","9452.41","X","Ciffre de sources internationales"
"FBS","Bilans Alimentaires (2010-)","255","Belgique","511","Population totale","2501","Population","2018","2018","1000 personnes","11482","X","Ciffre de sources internationales"
"FBS","Bilans Alimentaires (2010-)","255","Belgique","511","Population totale","2501","Population","2019","2019","1000 personnes","11539.33","X","Ciffre de sources internationales"
"FBS","Bilans Alimentaires (2010-)","23","Belize","511","Population totale","2501","Population","2018","2018","1000 personnes","383","X","Ciffre de sources internationales"
"FBS","Bilans Alimentaires (2010-)","23","Belize","511","Population totale","2501","Population","2019","2019","1000 personnes","390.35","X","Ciffre de sources internationales"
"FBS","Bilans Alimentaires (2010-)","53","Bénin","511","Population totale","2501","Population","2018","2018","1000 personnes","11485","X","Ciffre de sources internationales"
"FBS","Bilans Alimentaires (2010-)","53","Bénin","511","Population totale","2501","Population","2019","2019","1000 personnes","11801.15","X","Ciffre de sources internationales"
"FBS","Bilans Alimentaires (2010-)","18","Bhoutan","511","Population totale","2501","Population","2019","2019","1000 personnes","763.09","X","Ciffre de sources internationales"
"FBS","Bilans Alimentaires (2010-)","19","Bolivie (État plurinational de)","511","Population totale","2501","Population","2018","2018","1000 personnes","11353","X","Ciffre de sources internationales"
"FBS","Bilans Alimentaires (2010-)","19","Bolivie (État plurinational de)","511","Population totale","2501","Population","2019","2019","1000 personnes","11513.1","X","Ciffre de sources internationales"
"FBS","Bilans Alimentaires (2010-)","80","Bosnie-Herzégovine","511","Population totale","2501","Population","2018","2018","1000 personnes","3324","X","Ciffre de sources internationales"
"FBS","Bilans Alimentaires (2010-)","80","Bosnie-Herzégovine","511","Population totale","2501","Population","2019","2019","1000 personnes","3301","X","Ciffre de sources internationales"
"FBS","Bilans Alimentaires (2010-)","20","Botswana","511","Population totale","2501","Population","2018","2018","1000 personnes","2254","X","Ciffre de sources internationales"
"FBS","Bilans Alimentaires (2010-)","20","Botswana","511","Population totale","2501","Population","2019","2019","1000 personnes","2303.7","X","Ciffre de sources internationales"
"FBS","Bilans Alimentaires (2010-)","21","Brésil","511","Population totale","2501","Population","2018","2018","1000 personnes","209469","X","Ciffre de sources internationales"
"FBS","Bilans Alimentaires (2010-)","21","Brésil","511","Population totale","2501","Population","2019","2019","1000 personnes","211049.53","X","Ciffre de sources internationales"
"FBS","Bilans Alimentaires (2010-)","27","Bulgarie","511","Population totale","2501","Population","2018","2018","1000 personnes","7052","X","Ciffre de sources internationales"
"FBS","Bilans Alimentaires (2010-)","27","Bulgarie","511","Population totale","2501","Population","2019","2019","1000 personnes","7000.12","X","Ciffre de sources internationales"
"FBS","Bilans Alimentaires (2010-)","233","Burkina Faso","511","Population totale","2501","Population","2018","2018","1000 personnes","19751","X","Ciffre de sources internationales"
"FBS","Bilans Alimentaires (2010-)","233","Burkina Faso","511","Population totale","2501","Population","2019","2019","1000 personnes","20321.38","X","Ciffre de sources internationales"
"FBS","Bilans Alimentaires (2010-)","29","Burundi","511","Population totale","2501","Population","2018","2018","1000 personnes","11175.37","X","Ciffre de sources internationales"
"FBS","Bilans Alimentaires (2010-)","29","Burundi","511","Population totale","2501","Population","2019","2019","1000 personnes","11530.58","X","Ciffre de sources internationales"
"FBS","Bilans Alimentaires (2010-)","35","Cabo Verde","511","Population totale","2501","Population","2018","2018","1000 personnes","544","X","Ciffre de sources internationales"
"FBS","Bilans Alimentaires (2010-)","35","Cabo Verde","511","Population totale","2501","Population","2019","2019","1000 personnes","549.93","X","Ciffre de sources internationales"
"FBS","Bilans Alimentaires (2010-)","115","Cambodge","511","Population totale","2501","Population","2018","2018","1000 personnes","16250","X","Ciffre de sources internationales"
"FBS","Bilans Alimentaires (2010-)","115","Cambodge","511","Population totale","2501","Population","2019","2019","1000 personnes","16486.54","X","Ciffre de sources internationales"
"FBS","Bilans Alimentaires (2010-)","32","Cameroun","511","Population totale","2501","Population","2018","2018","1000 personnes","25216","X","Ciffre de sources internationales"
"FBS","Bilans Alimentaires (2010-)","32","Cameroun","511","Population totale","2501","Population","2019","2019","1000 personnes","25876.38","X","Ciffre de sources internationales"
"FBS","Bilans Alimentaires (2010-)","33","Canada","511","Population totale","2501","Population","2018","2018","1000 personnes","37075","X","Ciffre de sources internationales"
"FBS","Bilans Alimentaires (2010-)","33","Canada","511","Population totale","2501","Population","2019","2019","1000 personnes","37411.05","X","Ciffre de sources internationales"
"FBS","Bilans Alimentaires (2010-)","40","Chili","511","Population totale","2501","Population","2018","2018","1000 personnes","18729","X","Ciffre de sources internationales"
"FBS","Bilans Alimentaires (2010-)","40","Chili","511","Population totale","2501","Population","2019","2019","1000 personnes","18952.04","X","Ciffre de sources internationales"
"FBS","Bilans Alimentaires (2010-)","351","Chine","511","Population totale","2501","Population","2018","2018","1000 personnes","1459378","X","Ciffre de sources internationales"
"FBS","Bilans Alimentaires (2010-)","351","Chine","511","Population totale","2501","Population","2019","2019","1000 personnes","1465634.16","X","Ciffre de sources internationales"
"FBS","Bilans Alimentaires (2010-)","96","Chine - RAS de Hong-Kong","511","Population totale","2501","Population","2018","2018","1000 personnes","7372","X","Ciffre de sources internationales"
"FBS","Bilans Alimentaires (2010-)","96","Chine - RAS de Hong-Kong","511","Population totale","2501","Population","2019","2019","1000 personnes","7436.15","X","Ciffre de sources internationales"
"FBS","Bilans Alimentaires (2010-)","128","Chine - RAS de Macao","511","Population totale","2501","Population","2018","2018","1000 personnes","632","X","Ciffre de sources internationales"
"FBS","Bilans Alimentaires (2010-)","128","Chine - RAS de Macao","511","Population totale","2501","Population","2019","2019","1000 personnes","640.45","X","Ciffre de sources internationales"
"FBS","Bilans Alimentaires (2010-)","41","Chine, continentale","511","Population totale","2501","Population","2018","2018","1000 personnes","1427648","X","Ciffre de sources internationales"
"FBS","Bilans Alimentaires (2010-)","41","Chine, continentale","511","Population totale","2501","Population","2019","2019","1000 personnes","1433783.69","X","Ciffre de sources internationales"
"FBS","Bilans Alimentaires (2010-)","214","Chine, Taiwan Province de","511","Population totale","2501","Population","2018","2018","1000 personnes","23726","X","Ciffre de sources internationales"
"FBS","Bilans Alimentaires (2010-)","214","Chine, Taiwan Province de","511","Population totale","2501","Population","2019","2019","1000 personnes","23773.88","X","Ciffre de sources internationales"
"FBS","Bilans Alimentaires (2010-)","50","Chypre","511","Population totale","2501","Population","2018","2018","1000 personnes","1189","X","Ciffre de sources internationales"
"FBS","Bilans Alimentaires (2010-)","50","Chypre","511","Population totale","2501","Population","2019","2019","1000 personnes","1198.58","X","Ciffre de sources internationales"
"FBS","Bilans Alimentaires (2010-)","44","Colombie","511","Population totale","2501","Population","2018","2018","1000 personnes","49661","X","Ciffre de sources internationales"
"FBS","Bilans Alimentaires (2010-)","44","Colombie","511","Population totale","2501","Population","2019","2019","1000 personnes","50339.44","X","Ciffre de sources internationales"
"FBS","Bilans Alimentaires (2010-)","45","Comores","511","Population totale","2501","Population","2018","2018","1000 personnes","832","X","Ciffre de sources internationales"
"FBS","Bilans Alimentaires (2010-)","45","Comores","511","Population totale","2501","Population","2019","2019","1000 personnes","850.89","X","Ciffre de sources internationales"
"FBS","Bilans Alimentaires (2010-)","46","Congo","511","Population totale","2501","Population","2018","2018","1000 personnes","5244","X","Ciffre de sources internationales"
"FBS","Bilans Alimentaires (2010-)","46","Congo","511","Population totale","2501","Population","2019","2019","1000 personnes","5380.51","X","Ciffre de sources internationales"
"FBS","Bilans Alimentaires (2010-)","48","Costa Rica","511","Population totale","2501","Population","2018","2018","1000 personnes","4999","X","Ciffre de sources internationales"
"FBS","Bilans Alimentaires (2010-)","48","Costa Rica","511","Population totale","2501","Population","2019","2019","1000 personnes","5047.56","X","Ciffre de sources internationales"
"FBS","Bilans Alimentaires (2010-)","107","Côte d'Ivoire","511","Population totale","2501","Population","2018","2018","1000 personnes","25069","X","Ciffre de sources internationales"
"FBS","Bilans Alimentaires (2010-)","107","Côte d'Ivoire","511","Population totale","2501","Population","2019","2019","1000 personnes","25716.54","X","Ciffre de sources internationales"
"FBS","Bilans Alimentaires (2010-)","98","Croatie","511","Population totale","2501","Population","2018","2018","1000 personnes","4156","X","Ciffre de sources internationales"
"FBS","Bilans Alimentaires (2010-)","98","Croatie","511","Population totale","2501","Population","2019","2019","1000 personnes","4130.3","X","Ciffre de sources internationales"
"FBS","Bilans Alimentaires (2010-)","49","Cuba","511","Population totale","2501","Population","2018","2018","1000 personnes","11338","X","Ciffre de sources internationales"
"FBS","Bilans Alimentaires (2010-)","49","Cuba","511","Population totale","2501","Population","2019","2019","1000 personnes","11333.48","X","Ciffre de sources internationales"
"FBS","Bilans Alimentaires (2010-)","54","Danemark","511","Population totale","2501","Population","2018","2018","1000 personnes","5752","X","Ciffre de sources internationales"
"FBS","Bilans Alimentaires (2010-)","54","Danemark","511","Population totale","2501","Population","2019","2019","1000 personnes","5771.88","X","Ciffre de sources internationales"
"FBS","Bilans Alimentaires (2010-)","72","Djibouti","511","Population totale","2501","Population","2018","2018","1000 personnes","959","X","Ciffre de sources internationales"
"FBS","Bilans Alimentaires (2010-)","72","Djibouti","511","Population totale","2501","Population","2019","2019","1000 personnes","973.56","X","Ciffre de sources internationales"
"FBS","Bilans Alimentaires (2010-)","55","Dominique","511","Population totale","2501","Population","2018","2018","1000 personnes","72","X","Ciffre de sources internationales"
"FBS","Bilans Alimentaires (2010-)","55","Dominique","511","Population totale","2501","Population","2019","2019","1000 personnes","71.81","X","Ciffre de sources internationales"
"FBS","Bilans Alimentaires (2010-)","59","Égypte","511","Population totale","2501","Population","2018","2018","1000 personnes","98424","X","Ciffre de sources internationales"
"FBS","Bilans Alimentaires (2010-)","59","Égypte","511","Population totale","2501","Population","2019","2019","1000 personnes","100388.07","X","Ciffre de sources internationales"
"FBS","Bilans Alimentaires (2010-)","60","El Salvador","511","Population totale","2501","Population","2018","2018","1000 personnes","6421","X","Ciffre de sources internationales"
"FBS","Bilans Alimentaires (2010-)","60","El Salvador","511","Population totale","2501","Population","2019","2019","1000 personnes","6453.55","X","Ciffre de sources internationales"
"FBS","Bilans Alimentaires (2010-)","225","Émirats arabes unis","511","Population totale","2501","Population","2018","2018","1000 personnes","9630.96","X","Ciffre de sources internationales"
"FBS","Bilans Alimentaires (2010-)","225","Émirats arabes unis","511","Population totale","2501","Population","2019","2019","1000 personnes","9770.53","X","Ciffre de sources internationales"
"FBS","Bilans Alimentaires (2010-)","58","Équateur","511","Population totale","2501","Population","2018","2018","1000 personnes","17084","X","Ciffre de sources internationales"
"FBS","Bilans Alimentaires (2010-)","58","Équateur","511","Population totale","2501","Population","2019","2019","1000 personnes","17373.66","X","Ciffre de sources internationales"
"FBS","Bilans Alimentaires (2010-)","203","Espagne","511","Population totale","2501","Population","2018","2018","1000 personnes","46693","X","Ciffre de sources internationales"
"FBS","Bilans Alimentaires (2010-)","203","Espagne","511","Population totale","2501","Population","2019","2019","1000 personnes","46736.78","X","Ciffre de sources internationales"
"FBS","Bilans Alimentaires (2010-)","63","Estonie","511","Population totale","2501","Population","2018","2018","1000 personnes","1323","X","Ciffre de sources internationales"
"FBS","Bilans Alimentaires (2010-)","63","Estonie","511","Population totale","2501","Population","2019","2019","1000 personnes","1325.65","X","Ciffre de sources internationales"
"FBS","Bilans Alimentaires (2010-)","209","Eswatini","511","Population totale","2501","Population","2018","2018","1000 personnes","1136","X","Ciffre de sources internationales"
"FBS","Bilans Alimentaires (2010-)","209","Eswatini","511","Population totale","2501","Population","2019","2019","1000 personnes","1148.13","X","Ciffre de sources internationales"
"FBS","Bilans Alimentaires (2010-)","231","États-Unis d'Amérique","511","Population totale","2501","Population","2018","2018","1000 personnes","327096","X","Ciffre de sources internationales"
"FBS","Bilans Alimentaires (2010-)","231","États-Unis d'Amérique","511","Population totale","2501","Population","2019","2019","1000 personnes","329064.92","X","Ciffre de sources internationales"
"FBS","Bilans Alimentaires (2010-)","238","Éthiopie","511","Population totale","2501","Population","2018","2018","1000 personnes","109224","X","Ciffre de sources internationales"
"FBS","Bilans Alimentaires (2010-)","238","Éthiopie","511","Population totale","2501","Population","2019","2019","1000 personnes","112078.73","X","Ciffre de sources internationales"
"FBS","Bilans Alimentaires (2010-)","185","Fédération de Russie","511","Population totale","2501","Population","2018","2018","1000 personnes","145734","X","Ciffre de sources internationales"
"FBS","Bilans Alimentaires (2010-)","185","Fédération de Russie","511","Population totale","2501","Population","2019","2019","1000 personnes","145872.26","X","Ciffre de sources internationales"
"FBS","Bilans Alimentaires (2010-)","66","Fidji","511","Population totale","2501","Population","2018","2018","1000 personnes","883","X","Ciffre de sources internationales"
"FBS","Bilans Alimentaires (2010-)","66","Fidji","511","Population totale","2501","Population","2019","2019","1000 personnes","889.95","X","Ciffre de sources internationales"
"FBS","Bilans Alimentaires (2010-)","67","Finlande","511","Population totale","2501","Population","2018","2018","1000 personnes","5523","X","Ciffre de sources internationales"
"FBS","Bilans Alimentaires (2010-)","67","Finlande","511","Population totale","2501","Population","2019","2019","1000 personnes","5532.16","X","Ciffre de sources internationales"
"FBS","Bilans Alimentaires (2010-)","68","France","511","Population totale","2501","Population","2018","2018","1000 personnes","66931","X","Ciffre de sources internationales"
"FBS","Bilans Alimentaires (2010-)","68","France","511","Population totale","2501","Population","2019","2019","1000 personnes","65129.73","X","Ciffre de sources internationales"
"FBS","Bilans Alimentaires (2010-)","74","Gabon","511","Population totale","2501","Population","2018","2018","1000 personnes","2119","X","Ciffre de sources internationales"
"FBS","Bilans Alimentaires (2010-)","74","Gabon","511","Population totale","2501","Population","2019","2019","1000 personnes","2172.58","X","Ciffre de sources internationales"
"FBS","Bilans Alimentaires (2010-)","75","Gambie","511","Population totale","2501","Population","2018","2018","1000 personnes","2280","X","Ciffre de sources internationales"
"FBS","Bilans Alimentaires (2010-)","75","Gambie","511","Population totale","2501","Population","2019","2019","1000 personnes","2347.71","X","Ciffre de sources internationales"
"FBS","Bilans Alimentaires (2010-)","73","Géorgie","511","Population totale","2501","Population","2018","2018","1000 personnes","4002.94","X","Ciffre de sources internationales"
"FBS","Bilans Alimentaires (2010-)","73","Géorgie","511","Population totale","2501","Population","2019","2019","1000 personnes","3996.76","X","Ciffre de sources internationales"
"FBS","Bilans Alimentaires (2010-)","81","Ghana","511","Population totale","2501","Population","2018","2018","1000 personnes","29767","X","Ciffre de sources internationales"
"FBS","Bilans Alimentaires (2010-)","81","Ghana","511","Population totale","2501","Population","2019","2019","1000 personnes","30417.86","X","Ciffre de sources internationales"
"FBS","Bilans Alimentaires (2010-)","84","Grèce","511","Population totale","2501","Population","2018","2018","1000 personnes","10522","X","Ciffre de sources internationales"
"FBS","Bilans Alimentaires (2010-)","84","Grèce","511","Population totale","2501","Population","2019","2019","1000 personnes","10473.45","X","Ciffre de sources internationales"
"FBS","Bilans Alimentaires (2010-)","86","Grenade","511","Population totale","2501","Population","2018","2018","1000 personnes","111","X","Ciffre de sources internationales"
"FBS","Bilans Alimentaires (2010-)","86","Grenade","511","Population totale","2501","Population","2019","2019","1000 personnes","112","X","Ciffre de sources internationales"
"FBS","Bilans Alimentaires (2010-)","89","Guatemala","511","Population totale","2501","Population","2018","2018","1000 personnes","17248","X","Ciffre de sources internationales"
"FBS","Bilans Alimentaires (2010-)","89","Guatemala","511","Population totale","2501","Population","2019","2019","1000 personnes","17581.47","X","Ciffre de sources internationales"
"FBS","Bilans Alimentaires (2010-)","90","Guinée","511","Population totale","2501","Population","2018","2018","1000 personnes","12414","X","Ciffre de sources internationales"
"FBS","Bilans Alimentaires (2010-)","90","Guinée","511","Population totale","2501","Population","2019","2019","1000 personnes","12771.25","X","Ciffre de sources internationales"
"FBS","Bilans Alimentaires (2010-)","175","Guinée-Bissau","511","Population totale","2501","Population","2018","2018","1000 personnes","1874","X","Ciffre de sources internationales"
"FBS","Bilans Alimentaires (2010-)","175","Guinée-Bissau","511","Population totale","2501","Population","2019","2019","1000 personnes","1920.92","X","Ciffre de sources internationales"
"FBS","Bilans Alimentaires (2010-)","91","Guyana","511","Population totale","2501","Population","2018","2018","1000 personnes","779.01","X","Ciffre de sources internationales"
"FBS","Bilans Alimentaires (2010-)","91","Guyana","511","Population totale","2501","Population","2019","2019","1000 personnes","782.77","X","Ciffre de sources internationales"
"FBS","Bilans Alimentaires (2010-)","93","Haïti","511","Population totale","2501","Population","2018","2018","1000 personnes","11123","X","Ciffre de sources internationales"
"FBS","Bilans Alimentaires (2010-)","93","Haïti","511","Population totale","2501","Population","2019","2019","1000 personnes","11263.08","X","Ciffre de sources internationales"
"FBS","Bilans Alimentaires (2010-)","95","Honduras","511","Population totale","2501","Population","2018","2018","1000 personnes","9588","X","Ciffre de sources internationales"
"FBS","Bilans Alimentaires (2010-)","95","Honduras","511","Population totale","2501","Population","2019","2019","1000 personnes","9746.12","X","Ciffre de sources internationales"
"FBS","Bilans Alimentaires (2010-)","97","Hongrie","511","Population totale","2501","Population","2018","2018","1000 personnes","9707","X","Ciffre de sources internationales"
"FBS","Bilans Alimentaires (2010-)","97","Hongrie","511","Population totale","2501","Population","2019","2019","1000 personnes","9684.68","X","Ciffre de sources internationales"
"FBS","Bilans Alimentaires (2010-)","25","Îles Salomon","511","Population totale","2501","Population","2018","2018","1000 personnes","653","X","Ciffre de sources internationales"
"FBS","Bilans Alimentaires (2010-)","25","Îles Salomon","511","Population totale","2501","Population","2019","2019","1000 personnes","669.82","X","Ciffre de sources internationales"
"FBS","Bilans Alimentaires (2010-)","100","Inde","511","Population totale","2501","Population","2018","2018","1000 personnes","1352642.28","X","Ciffre de sources internationales"
"FBS","Bilans Alimentaires (2010-)","100","Inde","511","Population totale","2501","Population","2019","2019","1000 personnes","1366417.75","X","Ciffre de sources internationales"
"FBS","Bilans Alimentaires (2010-)","101","Indonésie","511","Population totale","2501","Population","2018","2018","1000 personnes","267671","X","Ciffre de sources internationales"
"FBS","Bilans Alimentaires (2010-)","101","Indonésie","511","Population totale","2501","Population","2019","2019","1000 personnes","270625.57","X","Ciffre de sources internationales"
"FBS","Bilans Alimentaires (2010-)","102","Iran (République islamique d')","511","Population totale","2501","Population","2018","2018","1000 personnes","81800","X","Ciffre de sources internationales"
"FBS","Bilans Alimentaires (2010-)","102","Iran (République islamique d')","511","Population totale","2501","Population","2019","2019","1000 personnes","82913.91","X","Ciffre de sources internationales"
"FBS","Bilans Alimentaires (2010-)","103","Iraq","511","Population totale","2501","Population","2018","2018","1000 personnes","32965","X","Ciffre de sources internationales"
"FBS","Bilans Alimentaires (2010-)","103","Iraq","511","Population totale","2501","Population","2019","2019","1000 personnes","33716.77","X","Ciffre de sources internationales"
"FBS","Bilans Alimentaires (2010-)","104","Irlande","511","Population totale","2501","Population","2018","2018","1000 personnes","4819","X","Ciffre de sources internationales"
"FBS","Bilans Alimentaires (2010-)","104","Irlande","511","Population totale","2501","Population","2019","2019","1000 personnes","4882.49","X","Ciffre de sources internationales"
"FBS","Bilans Alimentaires (2010-)","99","Islande","511","Population totale","2501","Population","2018","2018","1000 personnes","337","X","Ciffre de sources internationales"
"FBS","Bilans Alimentaires (2010-)","99","Islande","511","Population totale","2501","Population","2019","2019","1000 personnes","339.03","X","Ciffre de sources internationales"
"FBS","Bilans Alimentaires (2010-)","105","Israël","511","Population totale","2501","Population","2018","2018","1000 personnes","8382","X","Ciffre de sources internationales"
"FBS","Bilans Alimentaires (2010-)","105","Israël","511","Population totale","2501","Population","2019","2019","1000 personnes","8519.38","X","Ciffre de sources internationales"
"FBS","Bilans Alimentaires (2010-)","106","Italie","511","Population totale","2501","Population","2018","2018","1000 personnes","60627","X","Ciffre de sources internationales"
"FBS","Bilans Alimentaires (2010-)","106","Italie","511","Population totale","2501","Population","2019","2019","1000 personnes","60550.07","X","Ciffre de sources internationales"
"FBS","Bilans Alimentaires (2010-)","109","Jamaïque","511","Population totale","2501","Population","2018","2018","1000 personnes","2935","X","Ciffre de sources internationales"
"FBS","Bilans Alimentaires (2010-)","109","Jamaïque","511","Population totale","2501","Population","2019","2019","1000 personnes","2948.28","X","Ciffre de sources internationales"
"FBS","Bilans Alimentaires (2010-)","110","Japon","511","Population totale","2501","Population","2018","2018","1000 personnes","127202","X","Ciffre de sources internationales"
"FBS","Bilans Alimentaires (2010-)","110","Japon","511","Population totale","2501","Population","2019","2019","1000 personnes","126860.3","X","Ciffre de sources internationales"
"FBS","Bilans Alimentaires (2010-)","112","Jordanie","511","Population totale","2501","Population","2018","2018","1000 personnes","9965","X","Ciffre de sources internationales"
"FBS","Bilans Alimentaires (2010-)","112","Jordanie","511","Population totale","2501","Population","2019","2019","1000 personnes","10101.69","X","Ciffre de sources internationales"
"FBS","Bilans Alimentaires (2010-)","108","Kazakhstan","511","Population totale","2501","Population","2018","2018","1000 personnes","18320","X","Ciffre de sources internationales"
"FBS","Bilans Alimentaires (2010-)","108","Kazakhstan","511","Population totale","2501","Population","2019","2019","1000 personnes","18551.43","X","Ciffre de sources internationales"
"FBS","Bilans Alimentaires (2010-)","114","Kenya","511","Population totale","2501","Population","2018","2018","1000 personnes","51393","X","Ciffre de sources internationales"
"FBS","Bilans Alimentaires (2010-)","114","Kenya","511","Population totale","2501","Population","2019","2019","1000 personnes","52573.97","X","Ciffre de sources internationales"
"FBS","Bilans Alimentaires (2010-)","113","Kirghizistan","511","Population totale","2501","Population","2018","2018","1000 personnes","6304","X","Ciffre de sources internationales"
"FBS","Bilans Alimentaires (2010-)","113","Kirghizistan","511","Population totale","2501","Population","2019","2019","1000 personnes","6415.85","X","Ciffre de sources internationales"
"FBS","Bilans Alimentaires (2010-)","83","Kiribati","511","Population totale","2501","Population","2018","2018","1000 personnes","116","X","Ciffre de sources internationales"
"FBS","Bilans Alimentaires (2010-)","83","Kiribati","511","Population totale","2501","Population","2019","2019","1000 personnes","117.61","X","Ciffre de sources internationales"
"FBS","Bilans Alimentaires (2010-)","118","Koweït","511","Population totale","2501","Population","2018","2018","1000 personnes","4137","X","Ciffre de sources internationales"
"FBS","Bilans Alimentaires (2010-)","118","Koweït","511","Population totale","2501","Population","2019","2019","1000 personnes","4207.08","X","Ciffre de sources internationales"
"FBS","Bilans Alimentaires (2010-)","122","Lesotho","511","Population totale","2501","Population","2018","2018","1000 personnes","2108","X","Ciffre de sources internationales"
"FBS","Bilans Alimentaires (2010-)","122","Lesotho","511","Population totale","2501","Population","2019","2019","1000 personnes","2125.27","X","Ciffre de sources internationales"
"FBS","Bilans Alimentaires (2010-)","119","Lettonie","511","Population totale","2501","Population","2018","2018","1000 personnes","1928","X","Ciffre de sources internationales"
"FBS","Bilans Alimentaires (2010-)","119","Lettonie","511","Population totale","2501","Population","2019","2019","1000 personnes","1906.74","X","Ciffre de sources internationales"
"FBS","Bilans Alimentaires (2010-)","121","Liban","511","Population totale","2501","Population","2018","2018","1000 personnes","6859","X","Ciffre de sources internationales"
"FBS","Bilans Alimentaires (2010-)","121","Liban","511","Population totale","2501","Population","2019","2019","1000 personnes","6855.71","X","Ciffre de sources internationales"
"FBS","Bilans Alimentaires (2010-)","123","Libéria","511","Population totale","2501","Population","2018","2018","1000 personnes","4819","X","Ciffre de sources internationales"
"FBS","Bilans Alimentaires (2010-)","123","Libéria","511","Population totale","2501","Population","2019","2019","1000 personnes","4937.37","X","Ciffre de sources internationales"
"FBS","Bilans Alimentaires (2010-)","124","Libye","511","Population totale","2501","Population","2018","2018","1000 personnes","6679","X","Ciffre de sources internationales"
"FBS","Bilans Alimentaires (2010-)","124","Libye","511","Population totale","2501","Population","2019","2019","1000 personnes","6777.45","X","Ciffre de sources internationales"
"FBS","Bilans Alimentaires (2010-)","126","Lituanie","511","Population totale","2501","Population","2018","2018","1000 personnes","2801","X","Ciffre de sources internationales"
"FBS","Bilans Alimentaires (2010-)","126","Lituanie","511","Population totale","2501","Population","2019","2019","1000 personnes","2759.63","X","Ciffre de sources internationales"
"FBS","Bilans Alimentaires (2010-)","256","Luxembourg","511","Population totale","2501","Population","2018","2018","1000 personnes","604","X","Ciffre de sources internationales"
"FBS","Bilans Alimentaires (2010-)","256","Luxembourg","511","Population totale","2501","Population","2019","2019","1000 personnes","615.73","X","Ciffre de sources internationales"
"FBS","Bilans Alimentaires (2010-)","154","Macédoine du Nord","511","Population totale","2501","Population","2018","2018","1000 personnes","2083","X","Ciffre de sources internationales"
"FBS","Bilans Alimentaires (2010-)","154","Macédoine du Nord","511","Population totale","2501","Population","2019","2019","1000 personnes","2083.46","X","Ciffre de sources internationales"
"FBS","Bilans Alimentaires (2010-)","129","Madagascar","511","Population totale","2501","Population","2018","2018","1000 personnes","26262","X","Ciffre de sources internationales"
"FBS","Bilans Alimentaires (2010-)","129","Madagascar","511","Population totale","2501","Population","2019","2019","1000 personnes","26969.31","X","Ciffre de sources internationales"
"FBS","Bilans Alimentaires (2010-)","131","Malaisie","511","Population totale","2501","Population","2018","2018","1000 personnes","31528","X","Ciffre de sources internationales"
"FBS","Bilans Alimentaires (2010-)","131","Malaisie","511","Population totale","2501","Population","2019","2019","1000 personnes","31949.78","X","Ciffre de sources internationales"
"FBS","Bilans Alimentaires (2010-)","130","Malawi","511","Population totale","2501","Population","2018","2018","1000 personnes","18143","X","Ciffre de sources internationales"
"FBS","Bilans Alimentaires (2010-)","130","Malawi","511","Population totale","2501","Population","2019","2019","1000 personnes","18628.75","X","Ciffre de sources internationales"
"FBS","Bilans Alimentaires (2010-)","132","Maldives","511","Population totale","2501","Population","2018","2018","1000 personnes","516","X","Ciffre de sources internationales"
"FBS","Bilans Alimentaires (2010-)","132","Maldives","511","Population totale","2501","Population","2019","2019","1000 personnes","530.95","X","Ciffre de sources internationales"
"FBS","Bilans Alimentaires (2010-)","133","Mali","511","Population totale","2501","Population","2018","2018","1000 personnes","19078","X","Ciffre de sources internationales"
"FBS","Bilans Alimentaires (2010-)","133","Mali","511","Population totale","2501","Population","2019","2019","1000 personnes","19658.03","X","Ciffre de sources internationales"
"FBS","Bilans Alimentaires (2010-)","134","Malte","511","Population totale","2501","Population","2018","2018","1000 personnes","439","X","Ciffre de sources internationales"
"FBS","Bilans Alimentaires (2010-)","134","Malte","511","Population totale","2501","Population","2019","2019","1000 personnes","440.37","X","Ciffre de sources internationales"
"FBS","Bilans Alimentaires (2010-)","143","Maroc","511","Population totale","2501","Population","2018","2018","1000 personnes","36029","X","Ciffre de sources internationales"
"FBS","Bilans Alimentaires (2010-)","143","Maroc","511","Population totale","2501","Population","2019","2019","1000 personnes","36471.77","X","Ciffre de sources internationales"
"FBS","Bilans Alimentaires (2010-)","137","Maurice","511","Population totale","2501","Population","2018","2018","1000 personnes","1267","X","Ciffre de sources internationales"
"FBS","Bilans Alimentaires (2010-)","137","Maurice","511","Population totale","2501","Population","2019","2019","1000 personnes","1269.67","X","Ciffre de sources internationales"
"FBS","Bilans Alimentaires (2010-)","136","Mauritanie","511","Population totale","2501","Population","2018","2018","1000 personnes","4403","X","Ciffre de sources internationales"
"FBS","Bilans Alimentaires (2010-)","136","Mauritanie","511","Population totale","2501","Population","2019","2019","1000 personnes","4525.7","X","Ciffre de sources internationales"
"FBS","Bilans Alimentaires (2010-)","138","Mexique","511","Population totale","2501","Population","2018","2018","1000 personnes","126191","X","Ciffre de sources internationales"
"FBS","Bilans Alimentaires (2010-)","138","Mexique","511","Population totale","2501","Population","2019","2019","1000 personnes","127575.53","X","Ciffre de sources internationales"
"FBS","Bilans Alimentaires (2010-)","145","Micronésie (États fédérés de)","511","Population totale","2501","Population","2019","2019","1000 personnes","113.81","X","Ciffre de sources internationales"
"FBS","Bilans Alimentaires (2010-)","141","Mongolie","511","Population totale","2501","Population","2018","2018","1000 personnes","3170","X","Ciffre de sources internationales"
"FBS","Bilans Alimentaires (2010-)","141","Mongolie","511","Population totale","2501","Population","2019","2019","1000 personnes","3225.17","X","Ciffre de sources internationales"
"FBS","Bilans Alimentaires (2010-)","273","Monténégro","511","Population totale","2501","Population","2018","2018","1000 personnes","628","X","Ciffre de sources internationales"
"FBS","Bilans Alimentaires (2010-)","273","Monténégro","511","Population totale","2501","Population","2019","2019","1000 personnes","627.99","X","Ciffre de sources internationales"
"FBS","Bilans Alimentaires (2010-)","144","Mozambique","511","Population totale","2501","Population","2018","2018","1000 personnes","29496","X","Ciffre de sources internationales"
"FBS","Bilans Alimentaires (2010-)","144","Mozambique","511","Population totale","2501","Population","2019","2019","1000 personnes","30366.04","X","Ciffre de sources internationales"
"FBS","Bilans Alimentaires (2010-)","28","Myanmar","511","Population totale","2501","Population","2018","2018","1000 personnes","53708","X","Ciffre de sources internationales"
"FBS","Bilans Alimentaires (2010-)","28","Myanmar","511","Population totale","2501","Population","2019","2019","1000 personnes","54045.42","X","Ciffre de sources internationales"
"FBS","Bilans Alimentaires (2010-)","147","Namibie","511","Population totale","2501","Population","2018","2018","1000 personnes","2448","X","Ciffre de sources internationales"
"FBS","Bilans Alimentaires (2010-)","147","Namibie","511","Population totale","2501","Population","2019","2019","1000 personnes","2494.53","X","Ciffre de sources internationales"
"FBS","Bilans Alimentaires (2010-)","148","Nauru","511","Population totale","2501","Population","2019","2019","1000 personnes","10.76","X","Ciffre de sources internationales"
"FBS","Bilans Alimentaires (2010-)","149","Népal","511","Population totale","2501","Population","2018","2018","1000 personnes","28096","X","Ciffre de sources internationales"
"FBS","Bilans Alimentaires (2010-)","149","Népal","511","Population totale","2501","Population","2019","2019","1000 personnes","28608.71","X","Ciffre de sources internationales"
"FBS","Bilans Alimentaires (2010-)","157","Nicaragua","511","Population totale","2501","Population","2018","2018","1000 personnes","6466","X","Ciffre de sources internationales"
"FBS","Bilans Alimentaires (2010-)","157","Nicaragua","511","Population totale","2501","Population","2019","2019","1000 personnes","6545.5","X","Ciffre de sources internationales"
"FBS","Bilans Alimentaires (2010-)","158","Niger","511","Population totale","2501","Population","2018","2018","1000 personnes","22443","X","Ciffre de sources internationales"
"FBS","Bilans Alimentaires (2010-)","158","Niger","511","Population totale","2501","Population","2019","2019","1000 personnes","23310.72","X","Ciffre de sources internationales"
"FBS","Bilans Alimentaires (2010-)","159","Nigéria","511","Population totale","2501","Population","2018","2018","1000 personnes","195875","X","Ciffre de sources internationales"
"FBS","Bilans Alimentaires (2010-)","159","Nigéria","511","Population totale","2501","Population","2019","2019","1000 personnes","200963.6","X","Ciffre de sources internationales"
"FBS","Bilans Alimentaires (2010-)","162","Norvège","511","Population totale","2501","Population","2018","2018","1000 personnes","5338","X","Ciffre de sources internationales"
"FBS","Bilans Alimentaires (2010-)","162","Norvège","511","Population totale","2501","Population","2019","2019","1000 personnes","5378.86","X","Ciffre de sources internationales"
"FBS","Bilans Alimentaires (2010-)","153","Nouvelle-Calédonie","511","Population totale","2501","Population","2018","2018","1000 personnes","280","X","Ciffre de sources internationales"
"FBS","Bilans Alimentaires (2010-)","153","Nouvelle-Calédonie","511","Population totale","2501","Population","2019","2019","1000 personnes","282.75","X","Ciffre de sources internationales"
"FBS","Bilans Alimentaires (2010-)","156","Nouvelle-Zélande","511","Population totale","2501","Population","2018","2018","1000 personnes","4743","X","Ciffre de sources internationales"
"FBS","Bilans Alimentaires (2010-)","156","Nouvelle-Zélande","511","Population totale","2501","Population","2019","2019","1000 personnes","4783.06","X","Ciffre de sources internationales"
"FBS","Bilans Alimentaires (2010-)","221","Oman","511","Population totale","2501","Population","2018","2018","1000 personnes","4829","X","Ciffre de sources internationales"
"FBS","Bilans Alimentaires (2010-)","221","Oman","511","Population totale","2501","Population","2019","2019","1000 personnes","4974.99","X","Ciffre de sources internationales"
"FBS","Bilans Alimentaires (2010-)","226","Ouganda","511","Population totale","2501","Population","2018","2018","1000 personnes","42729","X","Ciffre de sources internationales"
"FBS","Bilans Alimentaires (2010-)","226","Ouganda","511","Population totale","2501","Population","2019","2019","1000 personnes","44269.59","X","Ciffre de sources internationales"
"FBS","Bilans Alimentaires (2010-)","235","Ouzbékistan","511","Population totale","2501","Population","2018","2018","1000 personnes","32476","X","Ciffre de sources internationales"
"FBS","Bilans Alimentaires (2010-)","235","Ouzbékistan","511","Population totale","2501","Population","2019","2019","1000 personnes","32981.72","X","Ciffre de sources internationales"
"FBS","Bilans Alimentaires (2010-)","165","Pakistan","511","Population totale","2501","Population","2018","2018","1000 personnes","212228","X","Ciffre de sources internationales"
"FBS","Bilans Alimentaires (2010-)","165","Pakistan","511","Population totale","2501","Population","2019","2019","1000 personnes","216565.32","X","Ciffre de sources internationales"
"FBS","Bilans Alimentaires (2010-)","166","Panama","511","Population totale","2501","Population","2018","2018","1000 personnes","4177","X","Ciffre de sources internationales"
"FBS","Bilans Alimentaires (2010-)","166","Panama","511","Population totale","2501","Population","2019","2019","1000 personnes","4246.44","X","Ciffre de sources internationales"
"FBS","Bilans Alimentaires (2010-)","168","Papouasie-Nouvelle-Guinée","511","Population totale","2501","Population","2018","2018","1000 personnes","8606","X","Ciffre de sources internationales"
"FBS","Bilans Alimentaires (2010-)","168","Papouasie-Nouvelle-Guinée","511","Population totale","2501","Population","2019","2019","1000 personnes","8776.11","X","Ciffre de sources internationales"
"FBS","Bilans Alimentaires (2010-)","169","Paraguay","511","Population totale","2501","Population","2018","2018","1000 personnes","6956","X","Ciffre de sources internationales"
"FBS","Bilans Alimentaires (2010-)","169","Paraguay","511","Population totale","2501","Population","2019","2019","1000 personnes","7044.64","X","Ciffre de sources internationales"
"FBS","Bilans Alimentaires (2010-)","150","Pays-Bas","511","Population totale","2501","Population","2018","2018","1000 personnes","17060","X","Ciffre de sources internationales"
"FBS","Bilans Alimentaires (2010-)","150","Pays-Bas","511","Population totale","2501","Population","2019","2019","1000 personnes","17097.13","X","Ciffre de sources internationales"
"FBS","Bilans Alimentaires (2010-)","170","Pérou","511","Population totale","2501","Population","2018","2018","1000 personnes","31989","X","Ciffre de sources internationales"
"FBS","Bilans Alimentaires (2010-)","170","Pérou","511","Population totale","2501","Population","2019","2019","1000 personnes","32510.45","X","Ciffre de sources internationales"
"FBS","Bilans Alimentaires (2010-)","171","Philippines","511","Population totale","2501","Population","2018","2018","1000 personnes","106651","X","Ciffre de sources internationales"
"FBS","Bilans Alimentaires (2010-)","171","Philippines","511","Population totale","2501","Population","2019","2019","1000 personnes","108116.62","X","Ciffre de sources internationales"
"FBS","Bilans Alimentaires (2010-)","173","Pologne","511","Population totale","2501","Population","2018","2018","1000 personnes","37922","X","Ciffre de sources internationales"
"FBS","Bilans Alimentaires (2010-)","173","Pologne","511","Population totale","2501","Population","2019","2019","1000 personnes","37887.77","X","Ciffre de sources internationales"
"FBS","Bilans Alimentaires (2010-)","70","Polynésie française","511","Population totale","2501","Population","2018","2018","1000 personnes","278","X","Ciffre de sources internationales"
"FBS","Bilans Alimentaires (2010-)","70","Polynésie française","511","Population totale","2501","Population","2019","2019","1000 personnes","279.29","X","Ciffre de sources internationales"
"FBS","Bilans Alimentaires (2010-)","174","Portugal","511","Population totale","2501","Population","2018","2018","1000 personnes","10256","X","Ciffre de sources internationales"
"FBS","Bilans Alimentaires (2010-)","174","Portugal","511","Population totale","2501","Population","2019","2019","1000 personnes","10226.19","X","Ciffre de sources internationales"
"FBS","Bilans Alimentaires (2010-)","179","Qatar","511","Population totale","2501","Population","2019","2019","1000 personnes","2832.07","X","Ciffre de sources internationales"
"FBS","Bilans Alimentaires (2010-)","212","République arabe syrienne","511","Population totale","2501","Population","2018","2018","1000 personnes","16945","X","Ciffre de sources internationales"
"FBS","Bilans Alimentaires (2010-)","212","République arabe syrienne","511","Population totale","2501","Population","2019","2019","1000 personnes","17070.13","X","Ciffre de sources internationales"
"FBS","Bilans Alimentaires (2010-)","37","République centrafricaine","511","Population totale","2501","Population","2018","2018","1000 personnes","4666","X","Ciffre de sources internationales"
"FBS","Bilans Alimentaires (2010-)","37","République centrafricaine","511","Population totale","2501","Population","2019","2019","1000 personnes","4745.19","X","Ciffre de sources internationales"
"FBS","Bilans Alimentaires (2010-)","117","République de Corée","511","Population totale","2501","Population","2018","2018","1000 personnes","51172","X","Ciffre de sources internationales"
"FBS","Bilans Alimentaires (2010-)","117","République de Corée","511","Population totale","2501","Population","2019","2019","1000 personnes","51225.31","X","Ciffre de sources internationales"
"FBS","Bilans Alimentaires (2010-)","146","République de Moldova","511","Population totale","2501","Population","2018","2018","1000 personnes","4052","X","Ciffre de sources internationales"
"FBS","Bilans Alimentaires (2010-)","146","République de Moldova","511","Population totale","2501","Population","2019","2019","1000 personnes","4043.26","X","Ciffre de sources internationales"
"FBS","Bilans Alimentaires (2010-)","250","République démocratique du Congo","511","Population totale","2501","Population","2018","2018","1000 personnes","84068.09","X","Ciffre de sources internationales"
"FBS","Bilans Alimentaires (2010-)","250","République démocratique du Congo","511","Population totale","2501","Population","2019","2019","1000 personnes","86790.57","X","Ciffre de sources internationales"
"FBS","Bilans Alimentaires (2010-)","120","République démocratique populaire lao","511","Population totale","2501","Population","2018","2018","1000 personnes","7062","X","Ciffre de sources internationales"
"FBS","Bilans Alimentaires (2010-)","120","République démocratique populaire lao","511","Population totale","2501","Population","2019","2019","1000 personnes","7169.45","X","Ciffre de sources internationales"
"FBS","Bilans Alimentaires (2010-)","56","République dominicaine","511","Population totale","2501","Population","2018","2018","1000 personnes","10627","X","Ciffre de sources internationales"
"FBS","Bilans Alimentaires (2010-)","56","République dominicaine","511","Population totale","2501","Population","2019","2019","1000 personnes","10738.96","X","Ciffre de sources internationales"
"FBS","Bilans Alimentaires (2010-)","116","République populaire démocratique de Corée","511","Population totale","2501","Population","2018","2018","1000 personnes","25550","X","Ciffre de sources internationales"
"FBS","Bilans Alimentaires (2010-)","116","République populaire démocratique de Corée","511","Population totale","2501","Population","2019","2019","1000 personnes","25666.16","X","Ciffre de sources internationales"
"FBS","Bilans Alimentaires (2010-)","215","République-Unie de Tanzanie","511","Population totale","2501","Population","2018","2018","1000 personnes","56313","X","Ciffre de sources internationales"
"FBS","Bilans Alimentaires (2010-)","215","République-Unie de Tanzanie","511","Population totale","2501","Population","2019","2019","1000 personnes","58005.46","X","Ciffre de sources internationales"
"FBS","Bilans Alimentaires (2010-)","183","Roumanie","511","Population totale","2501","Population","2018","2018","1000 personnes","19506","X","Ciffre de sources internationales"
"FBS","Bilans Alimentaires (2010-)","183","Roumanie","511","Population totale","2501","Population","2019","2019","1000 personnes","19364.56","X","Ciffre de sources internationales"
"FBS","Bilans Alimentaires (2010-)","229","Royaume-Uni de Grande-Bretagne et d'Irlande du Nord","511","Population totale","2501","Population","2018","2018","1000 personnes","67142","X","Ciffre de sources internationales"
"FBS","Bilans Alimentaires (2010-)","229","Royaume-Uni de Grande-Bretagne et d'Irlande du Nord","511","Population totale","2501","Population","2019","2019","1000 personnes","67530.17","X","Ciffre de sources internationales"
"FBS","Bilans Alimentaires (2010-)","184","Rwanda","511","Population totale","2501","Population","2018","2018","1000 personnes","12302","X","Ciffre de sources internationales"
"FBS","Bilans Alimentaires (2010-)","184","Rwanda","511","Population totale","2501","Population","2019","2019","1000 personnes","12626.95","X","Ciffre de sources internationales"
"FBS","Bilans Alimentaires (2010-)","189","Sainte-Lucie","511","Population totale","2501","Population","2018","2018","1000 personnes","182","X","Ciffre de sources internationales"
"FBS","Bilans Alimentaires (2010-)","189","Sainte-Lucie","511","Population totale","2501","Population","2019","2019","1000 personnes","182.79","X","Ciffre de sources internationales"
"FBS","Bilans Alimentaires (2010-)","188","Saint-Kitts-et-Nevis","511","Population totale","2501","Population","2018","2018","1000 personnes","52","X","Ciffre de sources internationales"
"FBS","Bilans Alimentaires (2010-)","188","Saint-Kitts-et-Nevis","511","Population totale","2501","Population","2019","2019","1000 personnes","52.82","X","Ciffre de sources internationales"
"FBS","Bilans Alimentaires (2010-)","191","Saint-Vincent-et-les Grenadines","511","Population totale","2501","Population","2018","2018","1000 personnes","110","X","Ciffre de sources internationales"
"FBS","Bilans Alimentaires (2010-)","191","Saint-Vincent-et-les Grenadines","511","Population totale","2501","Population","2019","2019","1000 personnes","110.59","X","Ciffre de sources internationales"
"FBS","Bilans Alimentaires (2010-)","244","Samoa","511","Population totale","2501","Population","2018","2018","1000 personnes","196","X","Ciffre de sources internationales"
"FBS","Bilans Alimentaires (2010-)","244","Samoa","511","Population totale","2501","Population","2019","2019","1000 personnes","197.1","X","Ciffre de sources internationales"
"FBS","Bilans Alimentaires (2010-)","193","Sao Tomé-et-Principe","511","Population totale","2501","Population","2018","2018","1000 personnes","211","X","Ciffre de sources internationales"
"FBS","Bilans Alimentaires (2010-)","193","Sao Tomé-et-Principe","511","Population totale","2501","Population","2019","2019","1000 personnes","215.06","X","Ciffre de sources internationales"
"FBS","Bilans Alimentaires (2010-)","195","Sénégal","511","Population totale","2501","Population","2018","2018","1000 personnes","15854","X","Ciffre de sources internationales"
"FBS","Bilans Alimentaires (2010-)","195","Sénégal","511","Population totale","2501","Population","2019","2019","1000 personnes","16296.36","X","Ciffre de sources internationales"
"FBS","Bilans Alimentaires (2010-)","272","Serbie","511","Population totale","2501","Population","2018","2018","1000 personnes","8803","X","Ciffre de sources internationales"
"FBS","Bilans Alimentaires (2010-)","272","Serbie","511","Population totale","2501","Population","2019","2019","1000 personnes","8772.24","X","Ciffre de sources internationales"
"FBS","Bilans Alimentaires (2010-)","196","Seychelles","511","Population totale","2501","Population","2018","2018","1000 personnes","97","X","Ciffre de sources internationales"
"FBS","Bilans Alimentaires (2010-)","196","Seychelles","511","Population totale","2501","Population","2019","2019","1000 personnes","97.74","X","Ciffre de sources internationales"
"FBS","Bilans Alimentaires (2010-)","197","Sierra Leone","511","Population totale","2501","Population","2018","2018","1000 personnes","7650","X","Ciffre de sources internationales"
"FBS","Bilans Alimentaires (2010-)","197","Sierra Leone","511","Population totale","2501","Population","2019","2019","1000 personnes","7813.22","X","Ciffre de sources internationales"
"FBS","Bilans Alimentaires (2010-)","199","Slovaquie","511","Population totale","2501","Population","2018","2018","1000 personnes","5453","X","Ciffre de sources internationales"
"FBS","Bilans Alimentaires (2010-)","199","Slovaquie","511","Population totale","2501","Population","2019","2019","1000 personnes","5457.01","X","Ciffre de sources internationales"
"FBS","Bilans Alimentaires (2010-)","198","Slovénie","511","Population totale","2501","Population","2018","2018","1000 personnes","2078","X","Ciffre de sources internationales"
"FBS","Bilans Alimentaires (2010-)","198","Slovénie","511","Population totale","2501","Population","2019","2019","1000 personnes","2078.65","X","Ciffre de sources internationales"
"FBS","Bilans Alimentaires (2010-)","276","Soudan","511","Population totale","2501","Population","2018","2018","1000 personnes","41802","X","Ciffre de sources internationales"
"FBS","Bilans Alimentaires (2010-)","276","Soudan","511","Population totale","2501","Population","2019","2019","1000 personnes","42813.24","X","Ciffre de sources internationales"
"FBS","Bilans Alimentaires (2010-)","277","Soudan du Sud","511","Population totale","2501","Population","2019","2019","1000 personnes","11062.11","X","Ciffre de sources internationales"
"FBS","Bilans Alimentaires (2010-)","38","Sri Lanka","511","Population totale","2501","Population","2018","2018","1000 personnes","21229","X","Ciffre de sources internationales"
"FBS","Bilans Alimentaires (2010-)","38","Sri Lanka","511","Population totale","2501","Population","2019","2019","1000 personnes","21323.73","X","Ciffre de sources internationales"
"FBS","Bilans Alimentaires (2010-)","210","Suède","511","Population totale","2501","Population","2018","2018","1000 personnes","9972","X","Ciffre de sources internationales"
"FBS","Bilans Alimentaires (2010-)","210","Suède","511","Population totale","2501","Population","2019","2019","1000 personnes","10036.38","X","Ciffre de sources internationales"
"FBS","Bilans Alimentaires (2010-)","211","Suisse","511","Population totale","2501","Population","2018","2018","1000 personnes","8526","X","Ciffre de sources internationales"
"FBS","Bilans Alimentaires (2010-)","211","Suisse","511","Population totale","2501","Population","2019","2019","1000 personnes","8591.36","X","Ciffre de sources internationales"
"FBS","Bilans Alimentaires (2010-)","207","Suriname","511","Population totale","2501","Population","2018","2018","1000 personnes","576","X","Ciffre de sources internationales"
"FBS","Bilans Alimentaires (2010-)","207","Suriname","511","Population totale","2501","Population","2019","2019","1000 personnes","581.37","X","Ciffre de sources internationales"
"FBS","Bilans Alimentaires (2010-)","208","Tadjikistan","511","Population totale","2501","Population","2018","2018","1000 personnes","9100.83","X","Ciffre de sources internationales"
"FBS","Bilans Alimentaires (2010-)","208","Tadjikistan","511","Population totale","2501","Population","2019","2019","1000 personnes","9321.02","X","Ciffre de sources internationales"
"FBS","Bilans Alimentaires (2010-)","39","Tchad","511","Population totale","2501","Population","2018","2018","1000 personnes","15478","X","Ciffre de sources internationales"
"FBS","Bilans Alimentaires (2010-)","39","Tchad","511","Population totale","2501","Population","2019","2019","1000 personnes","15946.88","X","Ciffre de sources internationales"
"FBS","Bilans Alimentaires (2010-)","167","Tchéquie","511","Population totale","2501","Population","2018","2018","1000 personnes","10666","X","Ciffre de sources internationales"
"FBS","Bilans Alimentaires (2010-)","167","Tchéquie","511","Population totale","2501","Population","2019","2019","1000 personnes","10689.21","X","Ciffre de sources internationales"
"FBS","Bilans Alimentaires (2010-)","216","Thaïlande","511","Population totale","2501","Population","2018","2018","1000 personnes","69428","X","Ciffre de sources internationales"
"FBS","Bilans Alimentaires (2010-)","216","Thaïlande","511","Population totale","2501","Population","2019","2019","1000 personnes","69625.58","X","Ciffre de sources internationales"
"FBS","Bilans Alimentaires (2010-)","176","Timor-Leste","511","Population totale","2501","Population","2018","2018","1000 personnes","1268","X","Ciffre de sources internationales"
"FBS","Bilans Alimentaires (2010-)","176","Timor-Leste","511","Population totale","2501","Population","2019","2019","1000 personnes","1293.12","X","Ciffre de sources internationales"
"FBS","Bilans Alimentaires (2010-)","217","Togo","511","Population totale","2501","Population","2018","2018","1000 personnes","7889","X","Ciffre de sources internationales"
"FBS","Bilans Alimentaires (2010-)","217","Togo","511","Population totale","2501","Population","2019","2019","1000 personnes","8082.37","X","Ciffre de sources internationales"
"FBS","Bilans Alimentaires (2010-)","220","Trinité-et-Tobago","511","Population totale","2501","Population","2018","2018","1000 personnes","1390","X","Ciffre de sources internationales"
"FBS","Bilans Alimentaires (2010-)","220","Trinité-et-Tobago","511","Population totale","2501","Population","2019","2019","1000 personnes","1394.97","X","Ciffre de sources internationales"
"FBS","Bilans Alimentaires (2010-)","222","Tunisie","511","Population totale","2501","Population","2018","2018","1000 personnes","11565","X","Ciffre de sources internationales"
"FBS","Bilans Alimentaires (2010-)","222","Tunisie","511","Population totale","2501","Population","2019","2019","1000 personnes","11694.72","X","Ciffre de sources internationales"
"FBS","Bilans Alimentaires (2010-)","213","Turkménistan","511","Population totale","2501","Population","2018","2018","1000 personnes","5851","X","Ciffre de sources internationales"
"FBS","Bilans Alimentaires (2010-)","213","Turkménistan","511","Population totale","2501","Population","2019","2019","1000 personnes","5942.09","X","Ciffre de sources internationales"
"FBS","Bilans Alimentaires (2010-)","223","Turquie","511","Population totale","2501","Population","2018","2018","1000 personnes","82340","X","Ciffre de sources internationales"
"FBS","Bilans Alimentaires (2010-)","223","Turquie","511","Population totale","2501","Population","2019","2019","1000 personnes","83429.62","X","Ciffre de sources internationales"
"FBS","Bilans Alimentaires (2010-)","230","Ukraine","511","Population totale","2501","Population","2018","2018","1000 personnes","44246","X","Ciffre de sources internationales"
"FBS","Bilans Alimentaires (2010-)","230","Ukraine","511","Population totale","2501","Population","2019","2019","1000 personnes","43993.64","X","Ciffre de sources internationales"
"FBS","Bilans Alimentaires (2010-)","234","Uruguay","511","Population totale","2501","Population","2018","2018","1000 personnes","3449","X","Ciffre de sources internationales"
"FBS","Bilans Alimentaires (2010-)","234","Uruguay","511","Population totale","2501","Population","2019","2019","1000 personnes","3461.73","X","Ciffre de sources internationales"
"FBS","Bilans Alimentaires (2010-)","155","Vanuatu","511","Population totale","2501","Population","2018","2018","1000 personnes","292.68","X","Ciffre de sources internationales"
"FBS","Bilans Alimentaires (2010-)","155","Vanuatu","511","Population totale","2501","Population","2019","2019","1000 personnes","299.88","X","Ciffre de sources internationales"
"FBS","Bilans Alimentaires (2010-)","236","Venezuela (République bolivarienne du)","511","Population totale","2501","Population","2018","2018","1000 personnes","28887","X","Ciffre de sources internationales"
"FBS","Bilans Alimentaires (2010-)","236","Venezuela (République bolivarienne du)","511","Population totale","2501","Population","2019","2019","1000 personnes","28515.83","X","Ciffre de sources internationales"
"FBS","Bilans Alimentaires (2010-)","237","Viet Nam","511","Population totale","2501","Population","2018","2018","1000 personnes","95546","X","Ciffre de sources internationales"
"FBS","Bilans Alimentaires (2010-)","237","Viet Nam","511","Population totale","2501","Population","2019","2019","1000 personnes","96462.11","X","Ciffre de sources internationales"
"FBS","Bilans Alimentaires (2010-)","249","Yémen","511","Population totale","2501","Population","2018","2018","1000 personnes","28499","X","Ciffre de sources internationales"
"FBS","Bilans Alimentaires (2010-)","249","Yémen","511","Population totale","2501","Population","2019","2019","1000 personnes","29161.92","X","Ciffre de sources internationales"
"FBS","Bilans Alimentaires (2010-)","251","Zambie","511","Population totale","2501","Population","2018","2018","1000 personnes","17352","X","Ciffre de sources internationales"
"FBS","Bilans Alimentaires (2010-)","251","Zambie","511","Population totale","2501","Population","2019","2019","1000 personnes","17861.03","X","Ciffre de sources internationales"
"FBS","Bilans Alimentaires (2010-)","181","Zimbabwe","511","Population totale","2501","Population","2018","2018","1000 personnes","14438.8","X","Ciffre de sources internationales"
"FBS","Bilans Alimentaires (2010-)","181","Zimbabwe","511","Population totale","2501","Population","2019","2019","1000 personnes","14645.47","X","Ciffre de sources internationales"
